{"cameraMode":{"drawMode":0,"name":"Shaded","section":"Shading Mode"},"sceneLighting":false,"audioPlay":false,"sceneViewState":{"showFog":true,"showMaterialUpdate":false,"showSkybox":true,"showFlares":true,"showImageEffects":true,"showParticleSystems":true},"in2DMode":false,"pivot":{"x":330.8999938964844,"y":2.2869999408721926,"z":250.18899536132813},"rotation":{"x":0.007190092466771603,"y":-0.0039032890927046539,"z":-0.00002825138835760299,"w":-0.9999666213989258},"size":22.0,"orthographic":false}