{"cameraMode":{"drawMode":0,"name":"Shaded","section":"Shading Mode"},"sceneLighting":false,"audioPlay":false,"sceneViewState":{"showFog":true,"showMaterialUpdate":false,"showSkybox":true,"showFlares":true,"showImageEffects":true,"showParticleSystems":true},"in2DMode":false,"pivot":{"x":848.3804931640625,"y":297.68902587890627,"z":-5.43280029296875},"rotation":{"x":0.007190092466771603,"y":-0.0039032890927046539,"z":-0.00002825138835760299,"w":-0.9999666213989258},"size":323.6519775390625,"orthographic":false}