{"cameraMode":{"drawMode":0,"name":"Shaded","section":"Shading Mode"},"sceneLighting":false,"audioPlay":false,"sceneViewState":{"showFog":true,"showMaterialUpdate":false,"showSkybox":true,"showFlares":true,"showImageEffects":true,"showParticleSystems":true},"in2DMode":false,"pivot":{"x":754.3981323242188,"y":328.6045837402344,"z":-41.107757568359378},"rotation":{"x":0.007190092466771603,"y":-0.0039032890927046539,"z":-0.00002825138835760299,"w":-0.9999666213989258},"size":174.5686492919922,"orthographic":false}