{"cameraMode":{"drawMode":0,"name":"Shaded","section":"Shading Mode"},"sceneLighting":false,"audioPlay":false,"sceneViewState":{"showFog":true,"showMaterialUpdate":false,"showSkybox":true,"showFlares":true,"showImageEffects":true,"showParticleSystems":true},"in2DMode":false,"pivot":{"x":49.983497619628909,"y":0.6079167127609253,"z":50.02400207519531},"rotation":{"x":0.007190092466771603,"y":-0.0039032890927046539,"z":-0.00002825138835760299,"w":-0.9999666213989258},"size":4.8669610023498539,"orthographic":false}