{"cameraMode":{"drawMode":0,"name":"Shaded","section":"Shading Mode"},"sceneLighting":false,"audioPlay":false,"sceneViewState":{"showFog":true,"showMaterialUpdate":false,"showSkybox":true,"showFlares":true,"showImageEffects":true,"showParticleSystems":true},"in2DMode":false,"pivot":{"x":0.6819999814033508,"y":-0.19266179203987122,"z":-0.76500004529953},"rotation":{"x":0.007190092466771603,"y":-0.0039032890927046539,"z":-0.00002825138835760299,"w":-0.9999666213989258},"size":1.7575347423553467,"orthographic":false}