{"cameraMode":{"drawMode":0,"name":"Shaded","section":"Shading Mode"},"sceneLighting":false,"audioPlay":false,"sceneViewState":{"showFog":true,"showMaterialUpdate":false,"showSkybox":true,"showFlares":true,"showImageEffects":true,"showParticleSystems":true},"in2DMode":false,"pivot":{"x":0.023351073265075685,"y":0.10587134957313538,"z":0.05072670429944992},"rotation":{"x":-0.13288944959640504,"y":-0.5911999344825745,"z":0.09954284131526947,"w":-0.7892491817474365},"size":1.1334524154663087,"orthographic":false}