{"cameraMode":{"drawMode":0,"name":"Shaded","section":"Shading Mode"},"sceneLighting":true,"audioPlay":false,"sceneViewState":{"showFog":true,"showMaterialUpdate":false,"showSkybox":true,"showFlares":true,"showImageEffects":true,"showParticleSystems":true},"in2DMode":false,"pivot":{"x":326.2190246582031,"y":1.8065097332000733,"z":253.17283630371095},"rotation":{"x":0.09678386896848679,"y":-0.7053775787353516,"z":0.09818747639656067,"w":0.6952946782112122},"size":22.0,"orthographic":false}