{"cameraMode":{"drawMode":0,"name":"Shaded","section":"Shading Mode"},"sceneLighting":true,"audioPlay":false,"sceneViewState":{"showFog":true,"showMaterialUpdate":true,"showSkybox":true,"showFlares":false,"showImageEffects":true,"showParticleSystems":true},"in2DMode":false,"pivot":{"x":447.6988525390625,"y":737.2030029296875,"z":-352.78155517578127},"rotation":{"x":-0.14587588608264924,"y":0.8375369310379028,"z":-0.2704215347766876,"w":-0.4518013596534729},"size":2439.641845703125,"orthographic":false}