{"cameraMode":{"drawMode":0,"name":"Shaded","section":"Shading Mode"},"sceneLighting":false,"audioPlay":false,"sceneViewState":{"showFog":true,"showMaterialUpdate":false,"showSkybox":true,"showFlares":true,"showImageEffects":true,"showParticleSystems":true},"in2DMode":false,"pivot":{"x":0.04635918140411377,"y":-0.027147412300109865,"z":0.03427940607070923},"rotation":{"x":0.23598791658878327,"y":-0.3931221067905426,"z":0.10513044148683548,"w":0.8824467658996582},"size":0.5715767741203308,"orthographic":false}